{
  "dataset": "ETTh1",
  "n_rows": 17420,
  "acf_lag1": 0.9941351565218322,
  "acf_lag24": 0.939892087943322,
  "max_abs_load_corr": 0.22435383142339108,
  "mean_OT_train": 17.292530528345626,
  "mean_OT_test": 7.721277557826685
}