{
  "dataset": "ETTh2",
  "n_rows": 17420,
  "acf_lag1": 0.9939604598527669,
  "acf_lag24": 0.9327288507629321,
  "max_abs_load_corr": 0.49483553568188154,
  "mean_OT_train": 29.17795685183441,
  "mean_OT_test": 26.06309774632557
}